ID,Title,Content,SKU,"Product Type",parent_id,"Regular Price"
1678,"Product #332 Variation",,332-1678,variable,332,
1677,"Product #332 Variation",,332-1677,variable,332,
1673,"Product #332 Variation",,332-1673,variable,332,
1674,"Product #332 Variation",,332-1674,variable,332,
1675,"Product #332 Variation",,332-1675,variable,332,
1667,"Product #332 Variation",,332-1667,variable,332,
1669,"Product #332 Variation",,332-1669,variable,332,
1671,"Product #332 Variation",,332-1671,variable,332,
1672,"Product #332 Variation",,332-1672,variable,332,
1668,"Product #332 Variation",,332-1668,variable,332,
1670,"Product #332 Variation",,332-1670,variable,332,
1662,"Product #332 Variation",,332-1662,variable,332,
1661,"Product #332 Variation",,332-1661,variable,332,
1664,"Product #332 Variation",,332-1664,variable,332,
1665,"Product #332 Variation",,332-1665,variable,332,
1663,"Product #332 Variation",,332-1663,variable,332,
1666,"Product #332 Variation",,332-1666,variable,332,
1660,"Product #332 Variation",,332-1660,variable,332,
1655,"Product #332 Variation",,332-1655,variable,332,
1657,"Product #332 Variation",,332-1657,variable,332,
1659,"Product #332 Variation",,332-1659,variable,332,
1656,"Product #332 Variation",,332-1656,variable,332,
1658,"Product #332 Variation",,332-1658,variable,332,
1653,"Product #332 Variation",,332-1653,variable,332,
1654,"Product #332 Variation",,332-1654,variable,332,
1649,"Product #332 Variation",,332-1649,variable,332,
1651,"Product #332 Variation",,332-1651,variable,332,
1652,"Product #332 Variation",,332-1652,variable,332,
1650,"Product #332 Variation",,332-1650,variable,332,
1644,"Product #332 Variation",,332-1644,variable,332,
1642,"Product #332 Variation",,332-1642,variable,332,
1646,"Product #332 Variation",,332-1646,variable,332,
1643,"Product #332 Variation",,332-1643,variable,332,
1645,"Product #332 Variation",,332-1645,variable,332,
1647,"Product #332 Variation",,332-1647,variable,332,
1648,"Product #332 Variation",,332-1648,variable,332,
1641,"Product #332 Variation",,332-1641,variable,332,
1637,"Product #332 Variation",,332-1637,variable,332,
1638,"Product #332 Variation",,332-1638,variable,332,
1639,"Product #332 Variation",,332-1639,variable,332,
1636,"Product #332 Variation",,332-1636,variable,332,
1640,"Product #332 Variation",,332-1640,variable,332,
1635,"Product #332 Variation",,332-1635,variable,332,
1632,"Product #332 Variation",,332-1632,variable,332,
1629,"Product #332 Variation",,332-1629,variable,332,
1630,"Product #332 Variation",,332-1630,variable,332,
1633,"Product #332 Variation",,332-1633,variable,332,
1631,"Product #332 Variation",,332-1631,variable,332,
1634,"Product #332 Variation",,332-1634,variable,332,
1627,"Product #332 Variation",,332-1627,variable,332,
1627,"Product #332 Variation",,332-1627,variable,332,
1626,"Product #332 Variation",,332-1626,variable,332,
1625,"Product #332 Variation",,332-1625,variable,332,
1618,"Product #332 Variation",,332-1618,variable,332,
1623,"Product #332 Variation",,332-1623,variable,332,
1620,"Product #332 Variation",,332-1620,variable,332,
1622,"Product #332 Variation",,332-1622,variable,332,
1619,"Product #332 Variation",,332-1619,variable,332,
1624,"Product #332 Variation",,332-1624,variable,332,
1621,"Product #332 Variation",,332-1621,variable,332,
1614,"Product #332 Variation",,332-1614,variable,332,
1612,"Product #332 Variation",,332-1612,variable,332,
1611,"Product #332 Variation",,332-1611,variable,332,
1613,"Product #332 Variation",,332-1613,variable,332,
1616,"Product #332 Variation",,332-1616,variable,332,
1615,"Product #332 Variation",,332-1615,variable,332,
1617,"Product #332 Variation",,332-1617,variable,332,
1605,"Product #332 Variation",,332-1605,variable,332,
1610,"Product #332 Variation",,332-1610,variable,332,
1604,"Product #332 Variation",,332-1604,variable,332,
1607,"Product #332 Variation",,332-1607,variable,332,
1608,"Product #332 Variation",,332-1608,variable,332,
1606,"Product #332 Variation",,332-1606,variable,332,
1609,"Product #332 Variation",,332-1609,variable,332,
1602,"Product #332 Variation",,332-1602,variable,332,
1603,"Product #332 Variation",,332-1603,variable,332,
1601,"Product #332 Variation",,332-1601,variable,332,
1600,"Product #332 Variation",,332-1600,variable,332,
1599,"Product #332 Variation",,332-1599,variable,332,
1597,"Product #332 Variation",,332-1597,variable,332,
1598,"Product #332 Variation",,332-1598,variable,332,
1590,"Product #332 Variation",,332-1590,variable,332,
1591,"Product #332 Variation",,332-1591,variable,332,
1596,"Product #332 Variation",,332-1596,variable,332,
1595,"Product #332 Variation",,332-1595,variable,332,
1594,"Product #332 Variation",,332-1594,variable,332,
1592,"Product #332 Variation",,332-1592,variable,332,
1593,"Product #332 Variation",,332-1593,variable,332,
1587,"Product #332 Variation",,332-1587,variable,332,
1585,"Product #332 Variation",,332-1585,variable,332,
1582,"Product #332 Variation",,332-1582,variable,332,
1584,"Product #332 Variation",,332-1584,variable,332,
1588,"Product #332 Variation",,332-1588,variable,332,
1589,"Product #332 Variation",,332-1589,variable,332,
1583,"Product #332 Variation",,332-1583,variable,332,
1586,"Product #332 Variation",,332-1586,variable,332,
1579,"Product #332 Variation",,332-1579,variable,332,
1580,"Product #332 Variation",,332-1580,variable,332,
1578,"Product #332 Variation",,332-1578,variable,332,
1581,"Product #332 Variation",,332-1581,variable,332,
1580,"Product #332 Variation",,332-1580,variable,332,
1579,"Product #332 Variation",,332-1579,variable,332,
1572,"Product #332 Variation",,332-1572,variable,332,
1573,"Product #332 Variation",,332-1573,variable,332,
1574,"Product #332 Variation",,332-1574,variable,332,
1569,"Product #332 Variation",,332-1569,variable,332,
1564,"Product #332 Variation",,332-1564,variable,332,
1565,"Product #332 Variation",,332-1565,variable,332,
1567,"Product #332 Variation",,332-1567,variable,332,
1568,"Product #332 Variation",,332-1568,variable,332,
1570,"Product #332 Variation",,332-1570,variable,332,
1571,"Product #332 Variation",,332-1571,variable,332,
1566,"Product #332 Variation",,332-1566,variable,332,
1556,"Product #332 Variation",,332-1556,variable,332,
1555,"Product #332 Variation",,332-1555,variable,332,
1559,"Product #332 Variation",,332-1559,variable,332,
1558,"Product #332 Variation",,332-1558,variable,332,
1557,"Product #332 Variation",,332-1557,variable,332,
1563,"Product #332 Variation",,332-1563,variable,332,
1560,"Product #332 Variation",,332-1560,variable,332,
1562,"Product #332 Variation",,332-1562,variable,332,
1561,"Product #332 Variation",,332-1561,variable,332,
1548,"Product #332 Variation",,332-1548,variable,332,
1552,"Product #332 Variation",,332-1552,variable,332,
1551,"Product #332 Variation",,332-1551,variable,332,
1550,"Product #332 Variation",,332-1550,variable,332,
1547,"Product #332 Variation",,332-1547,variable,332,
1546,"Product #332 Variation",,332-1546,variable,332,
1549,"Product #332 Variation",,332-1549,variable,332,
1554,"Product #332 Variation",,332-1554,variable,332,
1553,"Product #332 Variation",,332-1553,variable,332,
1541,"Product #332 Variation",,332-1541,variable,332,
1544,"Product #332 Variation",,332-1544,variable,332,
1536,"Product #332 Variation",,332-1536,variable,332,
1535,"Product #332 Variation",,332-1535,variable,332,
1540,"Product #332 Variation",,332-1540,variable,332,
1545,"Product #332 Variation",,332-1545,variable,332,
1543,"Product #332 Variation",,332-1543,variable,332,
1539,"Product #332 Variation",,332-1539,variable,332,
1542,"Product #332 Variation",,332-1542,variable,332,
1538,"Product #332 Variation",,332-1538,variable,332,
1537,"Product #332 Variation",,332-1537,variable,332,
1534,"Product #332 Variation",,332-1534,variable,332,
1533,"Product #332 Variation",,332-1533,variable,332,
1532,"Product #332 Variation",,332-1532,variable,332,
1531,"Product #332 Variation",,332-1531,variable,332,
1530,"Product #332 Variation",,332-1530,variable,332,
1528,"Product #332 Variation",,332-1528,variable,332,
1527,"Product #332 Variation",,332-1527,variable,332,
1529,"Product #332 Variation",,332-1529,variable,332,
1533,"Product #332 Variation",,332-1533,variable,332,
1534,"Product #332 Variation",,332-1534,variable,332,
1517,"Product #332 Variation",,332-1517,variable,332,
1519,"Product #332 Variation",,332-1519,variable,332,
1520,"Product #332 Variation",,332-1520,variable,332,
1521,"Product #332 Variation",,332-1521,variable,332,
1522,"Product #332 Variation",,332-1522,variable,332,
1523,"Product #332 Variation",,332-1523,variable,332,
1524,"Product #332 Variation",,332-1524,variable,332,
1518,"Product #332 Variation",,332-1518,variable,332,
1504,"Product #332 Variation",,332-1504,variable,332,
1505,"Product #332 Variation",,332-1505,variable,332,
1506,"Product #332 Variation",,332-1506,variable,332,
1507,"Product #332 Variation",,332-1507,variable,332,
1508,"Product #332 Variation",,332-1508,variable,332,
1509,"Product #332 Variation",,332-1509,variable,332,
1511,"Product #332 Variation",,332-1511,variable,332,
1512,"Product #332 Variation",,332-1512,variable,332,
1510,"Product #332 Variation",,332-1510,variable,332,
1516,"Product #332 Variation",,332-1516,variable,332,
1515,"Product #332 Variation",,332-1515,variable,332,
1514,"Product #332 Variation",,332-1514,variable,332,
1513,"Product #332 Variation",,332-1513,variable,332,
1490,"Product #332 Variation",,332-1490,variable,332,
1499,"Product #332 Variation",,332-1499,variable,332,
1493,"Product #332 Variation",,332-1493,variable,332,
1494,"Product #332 Variation",,332-1494,variable,332,
1495,"Product #332 Variation",,332-1495,variable,332,
1496,"Product #332 Variation",,332-1496,variable,332,
1497,"Product #332 Variation",,332-1497,variable,332,
1498,"Product #332 Variation",,332-1498,variable,332,
1491,"Product #332 Variation",,332-1491,variable,332,
1492,"Product #332 Variation",,332-1492,variable,332,
1501,"Product #332 Variation",,332-1501,variable,332,
1502,"Product #332 Variation",,332-1502,variable,332,
1503,"Product #332 Variation",,332-1503,variable,332,
1500,"Product #332 Variation",,332-1500,variable,332,
1480,"Product #332 Variation",,332-1480,variable,332,
1478,"Product #332 Variation",,332-1478,variable,332,
1477,"Product #332 Variation",,332-1477,variable,332,
1476,"Product #332 Variation",,332-1476,variable,332,
1475,"Product #332 Variation",,332-1475,variable,332,
1481,"Product #332 Variation",,332-1481,variable,332,
1482,"Product #332 Variation",,332-1482,variable,332,
1484,"Product #332 Variation",,332-1484,variable,332,
1485,"Product #332 Variation",,332-1485,variable,332,
1486,"Product #332 Variation",,332-1486,variable,332,
1487,"Product #332 Variation",,332-1487,variable,332,
1488,"Product #332 Variation",,332-1488,variable,332,
1489,"Product #332 Variation",,332-1489,variable,332,
